{"num_client": 5, "num_reg": 1, "num_cla": 1, "theta": [[1.0, 0.019999999552965164], [2.0, 0.009999999776482582]], "w": [[0.6000000238418579, 0.4000000059604645], [0.4000000059604645, 0.6000000238418579]], "data_size": 100, "sigma2": [1.0], "xrange": 100}